{
  "timestamp": "2026-04-09T14:38:27.807971",
  "equity": 139.09,
  "high_water_mark": 156.6,
  "restricted_mode": true,
  "restricted_mode_start": 1775757280.4665954
}