{
  "timestamp": "2026-04-09T12:56:04.804067",
  "equity": 139.89,
  "high_water_mark": 156.6,
  "restricted_mode": true,
  "restricted_mode_start": 1775757280.4665954
}